{"cameraMode":{"drawMode":0,"name":"Shaded","section":"Shading Mode"},"sceneLighting":false,"audioPlay":false,"sceneViewState":{"m_AlwaysRefresh":false,"showFog":true,"showSkybox":false,"showFlares":true,"showImageEffects":true,"showParticleSystems":true,"showVisualEffectGraphs":true,"m_FxEnabled":true},"in2DMode":false,"pivot":{"x":0.021427154541015626,"y":4.069727420806885,"z":0.20236635208129884},"rotation":{"x":-0.05277742072939873,"y":0.017072290182113649,"z":-0.0009024302707985044,"w":-0.9984608292579651},"size":3.56069278717041,"orthographic":false}