{"cameraMode":{"drawMode":0,"name":"Shaded","section":"Shading Mode"},"sceneLighting":false,"audioPlay":false,"sceneViewState":{"m_AlwaysRefresh":false,"showFog":true,"showSkybox":false,"showFlares":true,"showImageEffects":true,"showParticleSystems":true,"showVisualEffectGraphs":true,"m_FxEnabled":true},"in2DMode":false,"pivot":{"x":1.3954306840896607,"y":4.772170543670654,"z":0.2958359718322754},"rotation":{"x":-0.001153960358351469,"y":-0.997212290763855,"z":0.013762935996055603,"w":-0.07536078244447708},"size":3.56069278717041,"orthographic":false}