{"cameraMode":{"drawMode":0,"name":"Shaded","section":"Shading Mode"},"sceneLighting":false,"audioPlay":false,"sceneViewState":{"m_AlwaysRefresh":false,"showFog":true,"showSkybox":false,"showFlares":true,"showImageEffects":true,"showParticleSystems":true,"showVisualEffectGraphs":true,"m_FxEnabled":true},"in2DMode":false,"pivot":{"x":0.17632639408111573,"y":1.1000200510025025,"z":0.4181590676307678},"rotation":{"x":0.2806791663169861,"y":-0.7189556956291199,"z":0.4583326578140259,"w":0.44109249114990237},"size":1.8023710250854493,"orthographic":false}