{"cameraMode":{"drawMode":0,"name":"Shaded","section":"Shading Mode"},"sceneLighting":false,"audioPlay":false,"sceneViewState":{"m_AlwaysRefresh":false,"showFog":true,"showSkybox":false,"showFlares":true,"showImageEffects":true,"showParticleSystems":true,"showVisualEffectGraphs":true,"m_FxEnabled":true},"in2DMode":false,"pivot":{"x":-0.21348729729652406,"y":0.3421053886413574,"z":-0.21348732709884644},"rotation":{"x":0.17630980908870698,"y":0.02835705690085888,"z":-0.005083445925265551,"w":0.9839187264442444},"size":0.5302972197532654,"orthographic":false}