{"cameraMode":{"drawMode":0,"name":"Shaded","section":"Shading Mode"},"sceneLighting":false,"audioPlay":false,"sceneViewState":{"m_AlwaysRefresh":false,"showFog":true,"showSkybox":false,"showFlares":true,"showImageEffects":true,"showParticleSystems":true,"showVisualEffectGraphs":true,"m_FxEnabled":true},"in2DMode":false,"pivot":{"x":0.7072714567184448,"y":2.0029938220977785,"z":-0.07509469985961914},"rotation":{"x":-0.00018397060921415687,"y":0.9965294599533081,"z":0.004191039130091667,"w":0.08493582159280777},"size":3.5400335788726808,"orthographic":false}