{"cameraMode":{"drawMode":0,"name":"Shaded","section":"Shading Mode"},"sceneLighting":false,"audioPlay":false,"sceneViewState":{"m_AlwaysRefresh":false,"showFog":true,"showSkybox":false,"showFlares":true,"showImageEffects":true,"showParticleSystems":true,"showVisualEffectGraphs":true,"m_FxEnabled":true},"in2DMode":false,"pivot":{"x":2.2831883430480959,"y":1.2389678955078126,"z":-1.9661526679992676},"rotation":{"x":-0.004372138995677233,"y":0.9181791543960571,"z":0.01084846816956997,"w":0.39637383818626406},"size":4.588408470153809,"orthographic":false}