{"cameraMode":{"drawMode":0,"name":"Shaded","section":"Shading Mode"},"sceneLighting":false,"audioPlay":false,"sceneViewState":{"m_AlwaysRefresh":false,"showFog":true,"showSkybox":false,"showFlares":true,"showImageEffects":true,"showParticleSystems":true,"showVisualEffectGraphs":true,"m_FxEnabled":true},"in2DMode":false,"pivot":{"x":-1.1425853967666627,"y":-0.0573117733001709,"z":-0.497713565826416},"rotation":{"x":-0.011203530244529248,"y":0.9887581467628479,"z":-0.10903135687112808,"w":-0.10319704562425614},"size":3.1954855918884279,"orthographic":false}