{"cameraMode":{"drawMode":0,"name":"Shaded","section":"Shading Mode"},"sceneLighting":false,"audioPlay":false,"sceneViewState":{"m_AlwaysRefresh":false,"showFog":true,"showSkybox":false,"showFlares":true,"showImageEffects":true,"showParticleSystems":true,"showVisualEffectGraphs":true,"m_FxEnabled":true},"in2DMode":false,"pivot":{"x":-0.2125854790210724,"y":1.3067364692687989,"z":0.13785743713378907},"rotation":{"x":0.00092428142670542,"y":-0.9981338977813721,"z":-0.061154644936323169,"w":-0.016906630247831346},"size":2.6666436195373537,"orthographic":false}