{"cameraMode":{"drawMode":0,"name":"Shaded","section":"Shading Mode"},"sceneLighting":false,"audioPlay":false,"sceneViewState":{"m_AlwaysRefresh":false,"showFog":true,"showSkybox":false,"showFlares":true,"showImageEffects":true,"showParticleSystems":true,"showVisualEffectGraphs":true,"m_FxEnabled":true},"in2DMode":false,"pivot":{"x":-0.024124860763549806,"y":0.8366358876228333,"z":0.2964310646057129},"rotation":{"x":-0.0011068300809711218,"y":0.9971621036529541,"z":-0.07524106651544571,"w":-0.01694064401090145},"size":2.3265926837921144,"orthographic":false}