{"cameraMode":{"drawMode":0,"name":"Shaded","section":"Shading Mode"},"sceneLighting":false,"audioPlay":false,"sceneViewState":{"m_AlwaysRefresh":false,"showFog":true,"showSkybox":false,"showFlares":true,"showImageEffects":true,"showParticleSystems":true,"showVisualEffectGraphs":true,"m_FxEnabled":true},"in2DMode":false,"pivot":{"x":-0.2747688293457031,"y":0.8175397515296936,"z":0.284854531288147},"rotation":{"x":-0.0008521039271727204,"y":0.9988223910331726,"z":-0.0242965929210186,"w":-0.04545934125781059},"size":2.2710304260253908,"orthographic":false}