{"cameraMode":{"drawMode":0,"name":"Shaded","section":"Shading Mode"},"sceneLighting":false,"audioPlay":false,"sceneViewState":{"m_AlwaysRefresh":false,"showFog":true,"showSkybox":false,"showFlares":true,"showImageEffects":true,"showParticleSystems":true,"showVisualEffectGraphs":true,"m_FxEnabled":true},"in2DMode":false,"pivot":{"x":-0.039834022521972659,"y":1.200189471244812,"z":3.6491384506225588},"rotation":{"x":-0.11666109412908554,"y":-0.7074960470199585,"z":0.1202159896492958,"w":-0.6865769624710083},"size":2.2710304260253908,"orthographic":false}