{"cameraMode":{"drawMode":0,"name":"Shaded","section":"Shading Mode"},"sceneLighting":false,"audioPlay":false,"sceneViewState":{"m_AlwaysRefresh":false,"showFog":true,"showSkybox":false,"showFlares":true,"showImageEffects":true,"showParticleSystems":true,"showVisualEffectGraphs":true,"m_FxEnabled":true},"in2DMode":false,"pivot":{"x":0.0013993217144161463,"y":1.2083512544631959,"z":3.6450276374816896},"rotation":{"x":-0.00020518120436463505,"y":-0.9985984563827515,"z":0.052784956991672519,"w":-0.0038893523160368206},"size":1.2637925148010255,"orthographic":false}