{"cameraMode":{"drawMode":0,"name":"Shaded","section":"Shading Mode"},"sceneLighting":false,"audioPlay":false,"sceneViewState":{"m_AlwaysRefresh":false,"showFog":true,"showSkybox":false,"showFlares":true,"showImageEffects":true,"showParticleSystems":true,"showVisualEffectGraphs":true,"m_FxEnabled":true},"in2DMode":false,"pivot":{"x":0.5694246888160706,"y":0.7407715320587158,"z":-1.668698787689209},"rotation":{"x":-0.0002764210803434253,"y":0.999529242515564,"z":0.02969161421060562,"w":0.019026651978492738},"size":3.3212227821350099,"orthographic":false}