{"cameraMode":{"drawMode":0,"name":"Shaded","section":"Shading Mode"},"sceneLighting":false,"audioPlay":false,"sceneViewState":{"m_AlwaysRefresh":false,"showFog":true,"showSkybox":false,"showFlares":true,"showImageEffects":true,"showParticleSystems":true,"showVisualEffectGraphs":true,"m_FxEnabled":true},"in2DMode":false,"pivot":{"x":-0.3018014430999756,"y":1.6844987869262696,"z":0.20243597030639649},"rotation":{"x":0.00003238623321522027,"y":0.9987366795539856,"z":-0.004817808512598276,"w":-0.052958808839321139},"size":3.1365504264831545,"orthographic":false}