{"cameraMode":{"drawMode":0,"name":"Shaded","section":"Shading Mode"},"sceneLighting":false,"audioPlay":false,"sceneViewState":{"m_AlwaysRefresh":false,"showFog":true,"showSkybox":false,"showFlares":true,"showImageEffects":true,"showParticleSystems":true,"showVisualEffectGraphs":true,"m_FxEnabled":true},"in2DMode":false,"pivot":{"x":2.580888271331787,"y":1.2920658588409424,"z":0.9580276012420654},"rotation":{"x":-0.00047044645179994404,"y":-0.9939356446266174,"z":0.0032770263496786358,"w":-0.11121796071529389},"size":3.433974266052246,"orthographic":false}