{"cameraMode":{"drawMode":0,"name":"Shaded","section":"Shading Mode"},"sceneLighting":false,"audioPlay":false,"sceneViewState":{"m_AlwaysRefresh":false,"showFog":true,"showSkybox":false,"showFlares":true,"showImageEffects":true,"showParticleSystems":true,"showVisualEffectGraphs":true,"m_FxEnabled":true},"in2DMode":false,"pivot":{"x":0.16345536708831788,"y":3.8071463108062746,"z":-0.6857423782348633},"rotation":{"x":0.020720891654491426,"y":0.9795657396316528,"z":-0.1453288197517395,"w":0.1385430544614792},"size":5.717855453491211,"orthographic":false}