{"cameraMode":{"drawMode":0,"name":"Shaded","section":"Shading Mode"},"sceneLighting":false,"audioPlay":false,"sceneViewState":{"m_AlwaysRefresh":false,"showFog":true,"showSkybox":false,"showFlares":true,"showImageEffects":true,"showParticleSystems":true,"showVisualEffectGraphs":true,"m_FxEnabled":true},"in2DMode":false,"pivot":{"x":1.451772689819336,"y":1.6528825759887696,"z":0.014966011047363282},"rotation":{"x":-0.004244326148182154,"y":0.9899696111679077,"z":0.03241501748561859,"w":0.13853342831134797},"size":4.012697696685791,"orthographic":false}