{"cameraMode":{"drawMode":0,"name":"Shaded","section":"Shading Mode"},"sceneLighting":false,"audioPlay":false,"sceneViewState":{"m_AlwaysRefresh":false,"showFog":true,"showSkybox":false,"showFlares":true,"showImageEffects":true,"showParticleSystems":true,"showVisualEffectGraphs":true,"m_FxEnabled":true},"in2DMode":false,"pivot":{"x":0.10808026790618897,"y":-0.7486085891723633,"z":0.052731990814208987},"rotation":{"x":0.32762622833251955,"y":0.14369603991508485,"z":-0.050283316522836688,"w":0.9325914978981018},"size":3.7189760208129885,"orthographic":false}