{"cameraMode":{"drawMode":0,"name":"Shaded","section":"Shading Mode"},"sceneLighting":false,"audioPlay":false,"sceneViewState":{"m_AlwaysRefresh":false,"showFog":true,"showSkybox":false,"showFlares":true,"showImageEffects":true,"showParticleSystems":true,"showVisualEffectGraphs":true,"m_FxEnabled":true},"in2DMode":false,"pivot":{"x":-0.2747688293457031,"y":0.8175397515296936,"z":0.284854531288147},"rotation":{"x":0.5303426384925842,"y":-0.04497421160340309,"z":0.028440985828638078,"w":0.8462912440299988},"size":2.2710304260253908,"orthographic":false}