{"cameraMode":{"drawMode":0,"name":"Shaded","section":"Shading Mode"},"sceneLighting":false,"audioPlay":false,"sceneViewState":{"m_AlwaysRefresh":false,"showFog":true,"showSkybox":false,"showFlares":true,"showImageEffects":true,"showParticleSystems":true,"showVisualEffectGraphs":true,"m_FxEnabled":true},"in2DMode":false,"pivot":{"x":-1.4999998807907105,"y":1.1621322631835938,"z":0.0719747543334961},"rotation":{"x":-0.05277742072939873,"y":0.017072290182113649,"z":-0.0009024302707985044,"w":-0.9984608292579651},"size":1.7977463006973267,"orthographic":false}