{"cameraMode":{"drawMode":0,"name":"Shaded","section":"Shading Mode"},"sceneLighting":false,"audioPlay":false,"sceneViewState":{"m_AlwaysRefresh":false,"showFog":true,"showSkybox":false,"showFlares":true,"showImageEffects":true,"showParticleSystems":true,"showVisualEffectGraphs":true,"m_FxEnabled":true},"in2DMode":false,"pivot":{"x":1.3286101818084717,"y":3.391683578491211,"z":-2.596207618713379},"rotation":{"x":0.0020396746695041658,"y":0.9983922243118286,"z":-0.04375466704368591,"w":0.039969611912965778},"size":6.567255020141602,"orthographic":false}