{"cameraMode":{"drawMode":0,"name":"Shaded","section":"Shading Mode"},"sceneLighting":false,"audioPlay":false,"sceneViewState":{"m_AlwaysRefresh":false,"showFog":true,"showSkybox":false,"showFlares":true,"showImageEffects":true,"showParticleSystems":true,"showVisualEffectGraphs":true,"m_FxEnabled":true},"in2DMode":false,"pivot":{"x":0.7778459787368774,"y":1.678783893585205,"z":0.23248910903930665},"rotation":{"x":0.00023713037080597132,"y":-0.9976817965507507,"z":0.003300859360024333,"w":0.06805391609668732},"size":3.598475933074951,"orthographic":false}