{"cameraMode":{"drawMode":0,"name":"Shaded","section":"Shading Mode"},"sceneLighting":false,"audioPlay":false,"sceneViewState":{"m_AlwaysRefresh":false,"showFog":true,"showSkybox":false,"showFlares":true,"showImageEffects":true,"showParticleSystems":true,"showVisualEffectGraphs":true,"m_FxEnabled":true},"in2DMode":false,"pivot":{"x":0.4108424186706543,"y":1.9339227676391602,"z":-0.4534139633178711},"rotation":{"x":0.00038796564331278205,"y":-0.9960566759109497,"z":0.09019844979047775,"w":0.005555230192840099},"size":6.355076313018799,"orthographic":false}