{"cameraMode":{"drawMode":0,"name":"Shaded","section":"Shading Mode"},"sceneLighting":false,"audioPlay":false,"sceneViewState":{"m_AlwaysRefresh":false,"showFog":true,"showSkybox":false,"showFlares":true,"showImageEffects":true,"showParticleSystems":true,"showVisualEffectGraphs":true,"m_FxEnabled":true},"in2DMode":false,"pivot":{"x":0.6627310514450073,"y":2.874920606613159,"z":0.7284379005432129},"rotation":{"x":0.015710437670350076,"y":-0.9738699197769165,"z":-0.07142934203147888,"w":-0.21567176282405854},"size":4.035250186920166,"orthographic":false}