{"cameraMode":{"drawMode":0,"name":"Shaded","section":"Shading Mode"},"sceneLighting":false,"audioPlay":false,"sceneViewState":{"m_AlwaysRefresh":false,"showFog":true,"showSkybox":false,"showFlares":true,"showImageEffects":true,"showParticleSystems":true,"showVisualEffectGraphs":true,"m_FxEnabled":true},"in2DMode":false,"pivot":{"x":0.8661952018737793,"y":1.545973539352417,"z":-0.6440286636352539},"rotation":{"x":-0.0009781187400221825,"y":-0.9991721510887146,"z":0.022789891809225084,"w":-0.037913836538791659},"size":3.2176647186279299,"orthographic":false}