{"cameraMode":{"drawMode":0,"name":"Shaded","section":"Shading Mode"},"sceneLighting":false,"audioPlay":false,"sceneViewState":{"m_AlwaysRefresh":false,"showFog":true,"showSkybox":false,"showFlares":true,"showImageEffects":true,"showParticleSystems":true,"showVisualEffectGraphs":true,"m_FxEnabled":true},"in2DMode":false,"pivot":{"x":0.02021479606628418,"y":1.4273219108581544,"z":0.2797811031341553},"rotation":{"x":-0.05277742072939873,"y":0.017072290182113649,"z":-0.0009024302707985044,"w":-0.9984608292579651},"size":2.501065731048584,"orthographic":false}