{"cameraMode":{"drawMode":0,"name":"Shaded","section":"Shading Mode"},"sceneLighting":false,"audioPlay":false,"sceneViewState":{"m_AlwaysRefresh":false,"showFog":true,"showSkybox":false,"showFlares":true,"showImageEffects":true,"showParticleSystems":true,"showVisualEffectGraphs":true,"m_FxEnabled":true},"in2DMode":false,"pivot":{"x":0.5444415807723999,"y":1.1007294654846192,"z":-0.08212757110595703},"rotation":{"x":0.0010221725096926094,"y":-0.9981676936149597,"z":-0.017659828066825868,"w":-0.05785130336880684},"size":1.7248454093933106,"orthographic":false}