{"cameraMode":{"drawMode":0,"name":"Shaded","section":"Shading Mode"},"sceneLighting":false,"audioPlay":false,"sceneViewState":{"m_AlwaysRefresh":false,"showFog":true,"showSkybox":false,"showFlares":true,"showImageEffects":true,"showParticleSystems":true,"showVisualEffectGraphs":true,"m_FxEnabled":true},"in2DMode":false,"pivot":{"x":-0.14067214727401734,"y":0.2823602855205536,"z":-0.2595604956150055},"rotation":{"x":0.5423119068145752,"y":0.016642864793539048,"z":-0.010748003609478474,"w":0.839949905872345},"size":0.5809192061424255,"orthographic":false}