{"cameraMode":{"drawMode":0,"name":"Shaded","section":"Shading Mode"},"sceneLighting":false,"audioPlay":false,"sceneViewState":{"m_AlwaysRefresh":false,"showFog":true,"showSkybox":false,"showFlares":true,"showImageEffects":true,"showParticleSystems":true,"showVisualEffectGraphs":true,"m_FxEnabled":true},"in2DMode":false,"pivot":{"x":-0.14068108797073365,"y":0.32203879952430727,"z":-0.1499834656715393},"rotation":{"x":0.5423119068145752,"y":0.016642864793539048,"z":-0.010748003609478474,"w":0.839949905872345},"size":0.602726399898529,"orthographic":false}