{"cameraMode":{"drawMode":0,"name":"Shaded","section":"Shading Mode"},"sceneLighting":false,"audioPlay":false,"sceneViewState":{"m_AlwaysRefresh":false,"showFog":true,"showSkybox":false,"showFlares":true,"showImageEffects":true,"showParticleSystems":true,"showVisualEffectGraphs":true,"m_FxEnabled":true},"in2DMode":false,"pivot":{"x":0.1770700216293335,"y":1.8406004905700684,"z":0.3221096992492676},"rotation":{"x":-0.0002764210803434253,"y":0.999529242515564,"z":0.02969161421060562,"w":0.019026651978492738},"size":5.909080505371094,"orthographic":false}