{"cameraMode":{"drawMode":0,"name":"Shaded","section":"Shading Mode"},"sceneLighting":false,"audioPlay":false,"sceneViewState":{"m_AlwaysRefresh":false,"showFog":true,"showSkybox":false,"showFlares":true,"showImageEffects":true,"showParticleSystems":true,"showVisualEffectGraphs":true,"m_FxEnabled":true},"in2DMode":false,"pivot":{"x":-0.24695658683776856,"y":1.3415504693984986,"z":0.17267835140228272},"rotation":{"x":-0.05277742072939873,"y":0.017072290182113649,"z":-0.0009024302707985044,"w":-0.9984608292579651},"size":3.638079881668091,"orthographic":false}