{"cameraMode":{"drawMode":0,"name":"Shaded","section":"Shading Mode"},"sceneLighting":true,"audioPlay":false,"sceneViewState":{"m_AlwaysRefresh":false,"showFog":true,"showSkybox":true,"showFlares":true,"showImageEffects":true,"showParticleSystems":true,"showVisualEffectGraphs":true,"m_FxEnabled":true},"in2DMode":false,"pivot":{"x":-0.5354360342025757,"y":0.34078773856163027,"z":-0.38531264662742617},"rotation":{"x":0.2787703573703766,"y":-0.719640851020813,"z":0.4770614504814148,"w":0.42085349559783938},"size":3.135820150375366,"orthographic":false}