{"cameraMode":{"drawMode":0,"name":"Shaded","section":"Shading Mode"},"sceneLighting":true,"audioPlay":false,"sceneViewState":{"m_AlwaysRefresh":false,"showFog":true,"showSkybox":true,"showFlares":true,"showImageEffects":true,"showParticleSystems":true,"showVisualEffectGraphs":true,"m_FxEnabled":true},"in2DMode":false,"pivot":{"x":1.3451478481292725,"y":5.325549602508545,"z":1.4785256385803223},"rotation":{"x":-0.0011960695264860988,"y":0.7335641980171204,"z":-0.6797100305557251,"w":-0.0013636649819090963},"size":29.061052322387697,"orthographic":false}