{"cameraMode":{"drawMode":0,"name":"Shaded","section":"Shading Mode"},"sceneLighting":false,"audioPlay":false,"sceneViewState":{"m_AlwaysRefresh":false,"showFog":true,"showSkybox":false,"showFlares":true,"showImageEffects":true,"showParticleSystems":true,"showVisualEffectGraphs":true,"m_FxEnabled":true},"in2DMode":false,"pivot":{"x":0.0829373300075531,"y":0.8641875982284546,"z":0.013611316680908203},"rotation":{"x":0.0009917443385347725,"y":-0.9989825487136841,"z":0.03929276019334793,"w":0.028053386136889459},"size":3.6111035346984865,"orthographic":false}