{"cameraMode":{"drawMode":0,"name":"Shaded","section":"Shading Mode"},"sceneLighting":false,"audioPlay":false,"sceneViewState":{"m_AlwaysRefresh":false,"showFog":true,"showSkybox":false,"showFlares":true,"showImageEffects":true,"showParticleSystems":true,"showVisualEffectGraphs":true,"m_FxEnabled":true},"in2DMode":false,"pivot":{"x":-0.011911869049072266,"y":1.20236074924469,"z":0.23600226640701295},"rotation":{"x":0.0003233774332329631,"y":-0.9995998740196228,"z":-0.02518567070364952,"w":-0.012888304889202118},"size":2.1398510932922365,"orthographic":false}