{"cameraMode":{"drawMode":0,"name":"Shaded","section":"Shading Mode"},"sceneLighting":false,"audioPlay":false,"sceneViewState":{"m_AlwaysRefresh":false,"showFog":true,"showSkybox":false,"showFlares":true,"showImageEffects":true,"showParticleSystems":true,"showVisualEffectGraphs":true,"m_FxEnabled":true},"in2DMode":false,"pivot":{"x":0.4118267893791199,"y":1.5209245681762696,"z":0.18723845481872559},"rotation":{"x":-0.010284030809998513,"y":-0.9894276857376099,"z":0.08509664982557297,"w":-0.11822392791509628},"size":3.440822124481201,"orthographic":false}