{"cameraMode":{"drawMode":0,"name":"Shaded","section":"Shading Mode"},"sceneLighting":false,"audioPlay":false,"sceneViewState":{"m_AlwaysRefresh":false,"showFog":true,"showSkybox":false,"showFlares":true,"showImageEffects":true,"showParticleSystems":true,"showVisualEffectGraphs":true,"m_FxEnabled":true},"in2DMode":false,"pivot":{"x":0.6531307697296143,"y":2.0138626098632814,"z":0.47962522506713869},"rotation":{"x":-0.005064968019723892,"y":0.9930080771446228,"z":0.048918258398771289,"w":0.10870817303657532},"size":2.9233038425445558,"orthographic":false}