{"cameraMode":{"drawMode":0,"name":"Shaded","section":"Shading Mode"},"sceneLighting":false,"audioPlay":false,"sceneViewState":{"m_AlwaysRefresh":false,"showFog":true,"showSkybox":false,"showFlares":true,"showImageEffects":true,"showParticleSystems":true,"showVisualEffectGraphs":true,"m_FxEnabled":true},"in2DMode":false,"pivot":{"x":0.09379010647535324,"y":1.3998122215270997,"z":0.9402616024017334},"rotation":{"x":-0.00017982837744057178,"y":-0.979804515838623,"z":0.19995257258415223,"w":-0.0008744120132178068},"size":2.604412078857422,"orthographic":false}