{"cameraMode":{"drawMode":0,"name":"Shaded","section":"Shading Mode"},"sceneLighting":false,"audioPlay":false,"sceneViewState":{"m_AlwaysRefresh":false,"showFog":true,"showSkybox":false,"showFlares":true,"showImageEffects":true,"showParticleSystems":true,"showVisualEffectGraphs":true,"m_FxEnabled":true},"in2DMode":false,"pivot":{"x":1.5924655199050904,"y":1.9059312343597413,"z":0.824169397354126},"rotation":{"x":-0.005859320051968098,"y":-0.9813821911811829,"z":0.18956337869167329,"w":-0.0303269624710083},"size":2.604412078857422,"orthographic":false}