{"cameraMode":{"drawMode":0,"name":"Shaded","section":"Shading Mode"},"sceneLighting":false,"audioPlay":false,"sceneViewState":{"m_AlwaysRefresh":false,"showFog":true,"showSkybox":false,"showFlares":true,"showImageEffects":true,"showParticleSystems":true,"showVisualEffectGraphs":true,"m_FxEnabled":true},"in2DMode":false,"pivot":{"x":-1.4825032949447632,"y":1.981486439704895,"z":1.022233009338379},"rotation":{"x":-0.0007307424093596637,"y":0.9983036518096924,"z":0.05816340446472168,"w":0.017514053732156755},"size":3.949605703353882,"orthographic":false}