{"cameraMode":{"drawMode":0,"name":"Shaded","section":"Shading Mode"},"sceneLighting":false,"audioPlay":false,"sceneViewState":{"m_AlwaysRefresh":false,"showFog":true,"showSkybox":false,"showFlares":true,"showImageEffects":true,"showParticleSystems":true,"showVisualEffectGraphs":true,"m_FxEnabled":true},"in2DMode":false,"pivot":{"x":0.25532442331314089,"y":2.3601598739624025,"z":-1.1409616470336915},"rotation":{"x":0.0005480223917402327,"y":-0.999095618724823,"z":-0.043180253356695178,"w":-0.015422306023538113},"size":5.098658561706543,"orthographic":false}